"createdon_date","seats"
2014-01-24,1
2014-01-25,1
2014-01-26,2
2014-01-27,6
2014-01-29,1
2014-01-30,14
2014-02-01,1
2014-02-02,9
2014-02-03,7
2014-02-04,1
2014-02-05,8
2014-02-06,7
2014-02-07,2
2014-02-08,4
2014-02-09,3
2014-02-10,4
2014-02-11,10
2014-02-12,10
2014-02-13,7
2014-02-14,4
2014-02-15,5
2014-02-16,4
2014-02-17,4
2014-02-19,1
2014-02-20,7
2014-02-21,3
2014-02-22,2
2014-02-23,3
2014-02-24,8
2014-02-26,1
2014-02-28,11
2014-03-02,2
2014-03-03,3
2014-03-04,5
2014-03-06,3
2014-03-08,1
2014-03-09,2
2014-03-10,14
2014-03-11,2
2014-03-13,2
2014-03-14,2
2014-03-16,2
2014-03-18,2
2014-03-19,4
2014-03-22,1
2014-03-23,5
2014-03-24,5
2014-03-25,1
2014-03-26,1
2014-03-27,2
2014-03-28,10
2014-03-29,2
2014-03-31,3
2014-04-04,7
2014-04-05,9
2014-04-06,4
2014-04-07,4
2014-04-08,13
2014-04-09,17
2014-04-10,3
2014-04-11,7
2014-04-12,8
2014-04-13,4
2014-04-14,8
2014-04-16,4
2014-04-18,1
2014-04-20,2
2014-04-21,7
2014-04-22,2
2014-04-23,1
2014-04-24,2
2014-04-25,8
2014-04-26,2
2014-04-27,1
2014-04-28,5
2014-04-29,3
2014-04-30,3
2014-05-01,1
2014-05-02,3
2014-05-03,3
2014-05-05,4
2014-05-07,3
2014-05-08,7
2014-05-09,20
2014-05-10,2
2014-05-11,1
2014-05-12,2
2014-05-13,2
2014-05-14,3
2014-05-15,2
2014-05-16,2
2014-05-18,2
2014-05-22,1
2014-05-23,1
2014-05-27,1
2014-05-28,3
2014-06-02,1
2014-06-07,2
2014-06-09,8
2014-06-24,1
2014-06-26,1
2014-06-29,2
2014-07-01,1
2014-07-02,4
2014-07-03,2
2014-07-06,1
2014-07-07,2
2014-07-09,3
2014-07-10,11
2014-07-11,1
2014-07-12,2
2014-07-13,2
2014-07-14,2
2014-07-15,4
2014-07-16,2
2014-07-17,4
2014-07-18,1
2014-07-19,3
2014-07-21,6
2014-07-22,1
2014-07-23,8
2014-07-24,6
2014-07-25,2
2014-07-26,4
2014-07-27,5
2014-07-28,2
2014-07-30,5
2014-07-31,5
2014-08-01,1
2014-08-02,7
2014-08-03,6
2014-08-04,7
2014-08-05,2
2014-08-06,6
2014-08-07,19
2014-08-08,6
2014-08-09,2
2014-08-11,1
2014-08-12,2
2014-08-13,8
2014-08-14,2
2014-08-15,1
2014-08-17,2
2014-08-18,2
2014-08-19,8
2014-08-20,5
2014-08-21,5
2014-08-22,3
2014-08-23,1
2014-08-24,11
2014-08-25,28
2014-08-26,14
2014-08-27,5
2014-08-28,6
2014-08-29,4
2014-08-30,9
2014-08-31,7
2014-09-01,7
2014-09-02,7
2014-09-03,4
2014-09-04,5
2014-09-05,5
2014-09-06,3
2014-09-07,3
2014-09-08,1
2014-09-09,2
2014-09-10,9
2014-09-11,3
2014-09-12,3
2014-09-14,3
2014-09-15,2
2014-09-16,1
2014-09-17,8
2014-09-18,11
2014-09-19,3
2014-09-22,5
2014-09-23,7
2014-09-24,1
2014-09-25,7
2014-09-26,2
2014-09-27,6
2014-09-28,15
2014-09-29,2
2014-09-30,11
2014-10-01,10
2014-10-02,14
2014-10-03,7
2014-10-04,5
2014-10-05,8
2014-10-06,13
2014-10-07,6
2014-10-08,7
2014-10-09,16
2014-10-10,7
2014-10-11,2
2014-10-12,8
2014-10-13,12
2014-10-14,8
2014-10-15,16
2014-10-16,10
2014-10-17,4
2014-10-18,15
2014-10-20,19
2014-10-21,10
2014-10-22,14
2014-10-23,16
2014-10-24,10
2014-10-25,11
2014-10-26,33
2014-10-27,18
2014-10-28,40
2014-10-29,26
2014-10-30,26
2014-10-31,38
2014-11-01,13
2014-11-02,13
2014-11-03,38
2014-11-04,31
2014-11-05,62
2014-11-06,34
2014-11-07,35
2014-11-08,15
2014-11-09,24
2014-11-10,44
2014-11-11,38
2014-11-12,23
2014-11-13,17
2014-11-14,18
2014-11-15,17
2014-11-16,15
2014-11-17,29
2014-11-18,24
2014-11-19,19
2014-11-20,35
2014-11-21,26
2014-11-22,6
2014-11-23,19
2014-11-24,30
2014-11-25,33
2014-11-26,28
2014-11-27,42
2014-11-28,29
2014-11-29,24
2014-11-30,45
2014-12-01,56
2014-12-02,46
2014-12-03,49
2014-12-04,51
2014-12-05,34
2014-12-06,23
2014-12-07,33
2014-12-08,30
2014-12-09,41
2014-12-10,40
2014-12-11,25
2014-12-12,37
2014-12-13,25
2014-12-14,45
2014-12-15,39
2014-12-16,42
2014-12-17,52
2014-12-18,38
2014-12-19,64
2014-12-20,46
2014-12-21,43
2014-12-22,79
2014-12-23,55
2014-12-24,47
2014-12-25,100
2014-12-26,113
2014-12-27,60
2014-12-28,66
2014-12-29,76
2014-12-30,49
2014-12-31,21
2015-01-01,24
2015-01-02,48
2015-01-03,29
2015-01-04,45
2015-01-05,48
2015-01-06,68
2015-01-07,34
2015-01-08,28
2015-01-09,60
2015-01-10,38
2015-01-11,36
2015-01-12,19
2015-01-13,28
2015-01-14,22
2015-01-15,26
2015-01-16,30
2015-01-17,35
2015-01-18,39
2015-01-19,33
2015-01-20,53
2015-01-21,29
2015-01-22,31
2015-01-23,45
2015-01-24,20
2015-01-25,33
2015-01-26,50
2015-01-27,81
2015-01-28,66
2015-01-29,86
2015-01-30,101
2015-01-31,64
2015-02-01,68
2015-02-02,82
2015-02-03,72
2015-02-04,77
2015-02-05,101
2015-02-06,83
2015-02-07,55
2015-02-08,122
2015-02-09,115
2015-02-10,113
2015-02-11,117
2015-02-12,95
2015-02-13,76
2015-02-14,101
2015-02-15,121
2015-02-16,95
2015-02-17,96
2015-02-18,116
2015-02-19,84
2015-02-20,89
2015-02-21,85
2015-02-22,102
2015-02-23,112
2015-02-24,115
2015-02-25,89
2015-02-26,74
2015-02-27,90
2015-02-28,86
2015-03-01,100
2015-03-02,106
2015-03-03,105
2015-03-04,103
2015-03-05,64
2015-03-06,52
2015-03-07,83
2015-03-08,77
2015-03-09,110
2015-03-10,75
2015-03-11,57
2015-03-12,86
2015-03-13,70
2015-03-14,100
2015-03-15,91
2015-03-16,143
2015-03-17,143
2015-03-18,110
2015-03-19,80
2015-03-20,77
2015-03-21,134
2015-03-22,114
2015-03-23,75
2015-03-24,78
2015-03-25,86
2015-03-26,74
2015-03-27,98
2015-03-28,66
2015-03-29,75
2015-03-30,121
2015-03-31,117
2015-04-01,79
2015-04-02,90
2015-04-03,81
2015-04-04,62
2015-04-05,97
2015-04-06,150
2015-04-07,121
2015-04-08,97
2015-04-09,83
2015-04-10,86
2015-04-11,89
2015-04-12,65
2015-04-13,52
2015-04-14,77
2015-04-15,110
2015-04-16,104
2015-04-17,101
2015-04-18,74
2015-04-19,90
2015-04-20,99
2015-04-21,110
2015-04-22,135
2015-04-23,87
2015-04-24,129
2015-04-25,82
2015-04-26,74
2015-04-27,96
2015-04-28,102
2015-04-29,130
2015-04-30,143
2015-05-01,99
2015-05-02,99
2015-05-03,81
2015-05-04,124
2015-05-05,110
2015-05-06,94
2015-05-07,63
2015-05-08,64
2015-05-09,57
2015-05-10,72
2015-05-11,96
2015-05-12,130
2015-05-13,69
2015-05-14,120
2015-05-15,67
2015-05-16,99
2015-05-17,118
2015-05-18,111
2015-05-19,100
2015-05-20,103
2015-05-21,81
2015-05-22,131
2015-05-23,82
2015-05-24,75
2015-05-25,131
2015-05-26,99
2015-05-27,101
2015-05-28,130
2015-05-29,95
2015-05-30,57
2015-05-31,108
2015-06-01,134
2015-06-02,128
2015-06-03,131
2015-06-04,124
2015-06-05,98
2015-06-06,103
2015-06-07,96
2015-06-08,119
2015-06-09,154
2015-06-10,185
2015-06-11,171
2015-06-12,115
2015-06-13,100
2015-06-14,150
2015-06-15,190
2015-06-16,146
2015-06-17,136
2015-06-18,155
2015-06-19,200
2015-06-20,102
2015-06-21,121
2015-06-22,139
2015-06-23,143
2015-06-24,155
2015-06-25,178
2015-06-26,134
2015-06-27,206
2015-06-28,104
2015-06-29,171
2015-06-30,177
2015-07-01,130
2015-07-02,148
2015-07-03,144
2015-07-04,190
2015-07-05,185
2015-07-06,239
2015-07-07,241
2015-07-08,224
2015-07-09,230
2015-07-10,152
2015-07-11,191
2015-07-12,187
2015-07-13,214
2015-07-14,214
2015-07-15,178
2015-07-16,280
2015-07-17,277
2015-07-18,175
2015-07-19,248
2015-07-20,286
2015-07-21,273
2015-07-22,201
2015-07-23,275
2015-07-24,207
2015-07-25,242
2015-07-26,241
2015-07-27,287
2015-07-28,409
2015-07-29,278
2015-07-30,308
2015-07-31,231
2015-08-01,187
2015-08-02,174
2015-08-03,254
2015-08-04,200
2015-08-05,202
2015-08-06,254
2015-08-07,172
2015-08-08,247
2015-08-09,255
2015-08-10,247
2015-08-11,201
2015-08-12,169
2015-08-13,139
2015-08-14,180
2015-08-15,195
2015-08-16,235
2015-08-17,176
2015-08-18,107
2015-08-19,183
2015-08-20,154
2015-08-21,137
2015-08-22,171
2015-08-23,221
2015-08-24,159
2015-08-25,154
2015-08-26,173
2015-08-27,114
2015-08-28,89
2015-08-29,96
2015-08-30,117
2015-08-31,157
2015-09-01,208
2015-09-02,197
2015-09-03,146
2015-09-04,186
2015-09-05,112
2015-09-06,167
2015-09-07,195
2015-09-08,204
2015-09-09,201
2015-09-10,190
2015-09-11,192
2015-09-12,179
2015-09-13,241
2015-09-14,188
2015-09-15,233
2015-09-16,182
2015-09-17,219
2015-09-18,212
2015-09-19,195
2015-09-20,274
2015-09-21,219
2015-09-22,231
2015-09-23,330
2015-09-24,230
2015-09-25,269
2015-09-26,223
2015-09-27,200
2015-09-28,234
2015-09-29,272
2015-09-30,259
2015-10-01,217
2015-10-02,147
2015-10-03,255
2015-10-04,281
2015-10-05,389
2015-10-06,318
2015-10-07,327
2015-10-08,311
2015-10-09,227
2015-10-10,236
2015-10-11,311
2015-10-12,432
2015-10-13,419
2015-10-14,344
2015-10-15,421
2015-10-16,307
2015-10-17,342
2015-10-18,408
2015-10-19,402
2015-10-20,406
2015-10-21,406
2015-10-22,366
2015-10-23,388
2015-10-24,280
2015-10-25,310
2015-10-26,380
2015-10-27,503
2015-10-28,407
2015-10-29,371
2015-10-30,333
2015-10-31,332
2015-11-01,347
2015-11-02,501
2015-11-03,533
2015-11-04,416
2015-11-05,492
2015-11-06,436
2015-11-07,369
2015-11-08,452
2015-11-09,498
2015-11-10,614
2015-11-11,401
2015-11-12,604
2015-11-13,492
2015-11-14,378
2015-11-15,460
2015-11-16,582
2015-11-17,625
2015-11-18,512
2015-11-19,541
2015-11-20,385
2015-11-21,436
2015-11-22,595
2015-11-23,524
2015-11-24,589
2015-11-25,497
2015-11-26,556
2015-11-27,456
2015-11-28,364
2015-11-29,499
2015-11-30,517
2015-12-01,624
2015-12-02,739
2015-12-03,552
2015-12-04,546
2015-12-05,494
2015-12-06,609
2015-12-07,655
2015-12-08,747
2015-12-09,624
2015-12-10,507
2015-12-11,576
2015-12-12,414
2015-12-13,556
2015-12-14,642
2015-12-15,557
2015-12-16,563
2015-12-17,497
2015-12-18,423
2015-12-19,440
2015-12-20,583
2015-12-21,645
2015-12-22,577
2015-12-23,514
2015-12-24,385
2015-12-25,316
2015-12-26,440
2015-12-27,543
2015-12-28,550
2015-12-29,548
2015-12-30,603
2015-12-31,611
2016-01-01,368
2016-01-02,619
2016-01-03,646
2016-01-04,686
2016-01-05,661
2016-01-06,446
2016-01-07,555
2016-01-08,484
2016-01-09,559
2016-01-10,558
2016-01-11,693
2016-01-12,578
2016-01-13,647
2016-01-14,485
2016-01-15,554
2016-01-16,466
2016-01-17,447
2016-01-18,556
2016-01-19,521
2016-01-20,465
2016-01-21,596
2016-01-22,437
2016-01-23,488
2016-01-24,513
2016-01-25,551
2016-01-26,497
2016-01-27,478
2016-01-28,600
2016-01-29,465
2016-01-30,561
2016-01-31,503
2016-02-01,581
2016-02-02,491
2016-02-03,551
2016-02-04,613
2016-02-05,460
2016-02-06,512
2016-02-07,410
2016-02-08,550
2016-02-09,545
2016-02-10,496
2016-02-11,611
2016-02-12,485
2016-02-13,472
2016-02-14,565
2016-02-15,648
2016-02-16,499
2016-02-17,555
2016-02-18,546
2016-02-19,452
2016-02-20,338
2016-02-21,381
2016-02-22,547
2016-02-23,452
2016-02-24,393
2016-02-25,439
2016-02-26,320
2016-02-27,331
2016-02-28,384
2016-02-29,478
2016-03-01,391
2016-03-02,449
2016-03-03,391
2016-03-04,368
2016-03-05,400
2016-03-06,408
2016-03-07,427
2016-03-08,531
2016-03-09,504
2016-03-10,470
2016-03-11,569
2016-03-12,397
2016-03-13,552
2016-03-14,508
2016-03-15,477
2016-03-16,535
2016-03-17,389
2016-03-18,466
2016-03-19,503
2016-03-20,432
2016-03-21,582
2016-03-22,427
2016-03-23,453
2016-03-24,416
2016-03-25,397
2016-03-26,452
2016-03-27,368
2016-03-28,441
2016-03-29,679
2016-03-30,465
2016-03-31,357
2016-04-01,443
2016-04-02,392
2016-04-03,425
2016-04-04,546
2016-04-05,536
2016-04-06,494
2016-04-07,450
2016-04-08,439
2016-04-09,387
2016-04-10,416
2016-04-11,406
2016-04-12,558
2016-04-13,441
2016-04-14,485
2016-04-15,366
2016-04-16,327
2016-04-17,454
2016-04-18,377
2016-04-19,326
2016-04-20,378
2016-04-21,334
2016-04-22,304
2016-04-23,386
2016-04-24,373
2016-04-25,472
2016-04-26,422
2016-04-27,402
2016-04-28,381
2016-04-29,381
2016-04-30,356
2016-05-01,451
2016-05-02,449
2016-05-03,482
2016-05-04,466
2016-05-05,365
2016-05-06,343
2016-05-07,341
2016-05-08,421
2016-05-09,443
2016-05-10,393
2016-05-11,439
2016-05-12,425
2016-05-13,356
2016-05-14,404
2016-05-15,488
2016-05-16,601
2016-05-17,435
2016-05-18,479
2016-05-19,476
2016-05-20,394
2016-05-21,342
2016-05-22,338
2016-05-23,393
2016-05-24,424
2016-05-25,378
2016-05-26,301
2016-05-27,335
2016-05-28,406
2016-05-29,381
2016-05-30,575
2016-05-31,459
2016-06-01,408
2016-06-02,425
2016-06-03,454
2016-06-04,384
2016-06-05,496
2016-06-06,543
2016-06-07,502
2016-06-08,643
2016-06-09,385
2016-06-10,459
2016-06-11,504
2016-06-12,561
2016-06-13,611
2016-06-14,523
2016-06-15,509
2016-06-16,544
2016-06-17,413
2016-06-18,461
2016-06-19,583
2016-06-20,609
2016-06-21,554
2016-06-22,565
2016-06-23,538
2016-06-24,503
2016-06-25,509
2016-06-26,553
2016-06-27,573
2016-06-28,522
2016-06-29,623
2016-06-30,442
2016-07-01,716
2016-07-02,455
2016-07-03,546
2016-07-04,711
2016-07-05,874
2016-07-06,774
2016-07-07,707
2016-07-08,576
2016-07-09,720
2016-07-10,838
2016-07-11,806
2016-07-12,874
2016-07-13,839
2016-07-14,812
2016-07-15,733
2016-07-16,688
2016-07-17,913
2016-07-18,810
2016-07-19,691
2016-07-20,739
2016-07-21,627
2016-07-22,649
2016-07-23,573
2016-07-24,672
2016-07-25,760
2016-07-26,812
2016-07-27,725
2016-07-28,726
2016-07-29,772
2016-07-30,470
2016-07-31,726
2016-08-01,794
2016-08-02,764
2016-08-03,855
2016-08-04,741
2016-08-05,646
2016-08-06,665
2016-08-07,695
2016-08-08,759
2016-08-09,758
2016-08-10,823
2016-08-11,755
2016-08-12,734
2016-08-13,572
2016-08-14,582
2016-08-15,692
2016-08-16,668
2016-08-17,518
2016-08-18,621
2016-08-19,529
2016-08-20,413
2016-08-21,504
2016-08-22,510
2016-08-23,535
2016-08-24,533
2016-08-25,403
2016-08-26,429
2016-08-27,407
2016-08-28,540
2016-08-29,469
2016-08-30,414
2016-08-31,487
2016-09-01,413
2016-09-02,409
2016-09-03,484
2016-09-04,497
2016-09-05,557
2016-09-06,639
2016-09-07,618
2016-09-08,528
2016-09-09,518
2016-09-10,440
2016-09-11,653
2016-09-12,516
2016-09-13,603
2016-09-14,640
2016-09-15,502
2016-09-16,565
2016-09-17,515
2016-09-18,428
2016-09-19,592
2016-09-20,474
2016-09-21,621
2016-09-22,495
2016-09-23,392
2016-09-24,397
2016-09-25,448
2016-09-26,609
2016-09-27,512
2016-09-28,604
2016-09-29,498
2016-09-30,574
2016-10-01,408
2016-10-02,656
2016-10-03,705
2016-10-04,609
2016-10-05,644
2016-10-06,764
2016-10-07,673
2016-10-08,629
2016-10-09,774
2016-10-10,761
2016-10-11,841
2016-10-12,771
2016-10-13,821
2016-10-14,639
2016-10-15,546
2016-10-16,733
2016-10-17,806
2016-10-18,714
2016-10-19,712
2016-10-20,699
2016-10-21,661
2016-10-22,716
2016-10-23,668
2016-10-24,826
2016-10-25,884
2016-10-26,885
2016-10-27,715
2016-10-28,726
2016-10-29,677
2016-10-30,970
2016-10-31,1066
2016-11-01,1060
2016-11-02,957
2016-11-03,897
2016-11-04,861
2016-11-05,1018
2016-11-06,1167
2016-11-07,1045
2016-11-08,1045
2016-11-09,1095
2016-11-10,1103
2016-11-11,1043
2016-11-12,842
2016-11-13,1002
2016-11-14,1118
2016-11-15,1021
2016-11-16,1027
2016-11-17,842
2016-11-18,947
2016-11-19,865
2016-11-20,1055
2016-11-21,1046
2016-11-22,975
2016-11-23,963
2016-11-24,1062
2016-11-25,819
2016-11-26,697
2016-11-27,945
2016-11-28,1121
2016-11-29,1031
2016-11-30,1125
2016-12-01,1134
2016-12-02,1090
2016-12-03,802
2016-12-04,1147
2016-12-05,1256
2016-12-06,1248
2016-12-07,1259
2016-12-08,1272
2016-12-09,1029
2016-12-10,854
2016-12-11,1158
2016-12-12,1307
2016-12-13,1196
2016-12-14,1243
2016-12-15,1193
2016-12-16,1176
2016-12-17,964
2016-12-18,1154
2016-12-19,1302
2016-12-20,1199
2016-12-21,1185
2016-12-22,963
2016-12-23,1017
2016-12-24,878
2016-12-25,757
2016-12-26,1079
2016-12-27,1182
2016-12-28,1215
2016-12-29,1158
2016-12-30,1170
2016-12-31,926
2017-01-01,862
2017-01-02,1242
2017-01-03,1368
2017-01-04,1462
2017-01-05,1379
2017-01-06,1296
2017-01-07,1232
2017-01-08,1235
2017-01-09,1352
2017-01-10,1369
2017-01-11,1347
2017-01-12,1237
2017-01-13,1268
2017-01-14,1136
2017-01-15,1246
2017-01-16,1292
2017-01-17,1264
2017-01-18,1132
2017-01-19,1224
2017-01-20,1162
2017-01-21,977
2017-01-22,1306
2017-01-23,1213
2017-01-24,1364
2017-01-25,1300
2017-01-26,1099
2017-01-27,1055
2017-01-28,1054
2017-01-29,1047
2017-01-30,1307
2017-01-31,1047
2017-02-01,1232
2017-02-02,1194
2017-02-03,1200
2017-02-04,1057
2017-02-05,1192
2017-02-06,1435
2017-02-07,1255
2017-02-08,1258
2017-02-09,1207
2017-02-10,1075
2017-02-11,1008
2017-02-12,1234
2017-02-13,1219
2017-02-14,890
2017-02-15,1093
2017-02-16,1095
2017-02-17,912
2017-02-18,889
2017-02-19,1016
2017-02-20,1111
2017-02-21,955
2017-02-22,1152
2017-02-23,1127
2017-02-24,870
2017-02-25,729
2017-02-26,990
2017-02-27,1055
2017-02-28,1006
2017-03-01,1113
2017-03-02,1049
2017-03-03,972
2017-03-04,889
2017-03-05,1001
2017-03-06,1136
2017-03-07,929
2017-03-08,1027
2017-03-09,1015
2017-03-10,1027
2017-03-11,786
2017-03-12,979
2017-03-13,1056
2017-03-14,1047
2017-03-15,930
2017-03-16,950
2017-03-17,880
2017-03-18,892
2017-03-19,950
2017-03-20,935
2017-03-21,906
2017-03-22,1047
2017-03-23,835
2017-03-24,746
2017-03-25,789
2017-03-26,800
2017-03-27,959
2017-03-28,1035
2017-03-29,775
2017-03-30,924
2017-03-31,687
2017-04-01,837
2017-04-02,986
2017-04-03,979
2017-04-04,1130
2017-04-05,1161
2017-04-06,1170
2017-04-07,1014
2017-04-08,807
2017-04-09,1009
2017-04-10,959
2017-04-11,1007
2017-04-12,866
2017-04-13,814
2017-04-14,744
2017-04-15,718
2017-04-16,708
2017-04-17,891
2017-04-18,831
2017-04-19,816
2017-04-20,757
2017-04-21,692
2017-04-22,725
2017-04-23,771
2017-04-24,790
2017-04-25,762
2017-04-26,789
2017-04-27,656
2017-04-28,697
2017-04-29,818
2017-04-30,724
2017-05-01,1045
2017-05-02,884
2017-05-03,869
2017-05-04,1033
2017-05-05,800
2017-05-06,852
2017-05-07,902
2017-05-08,912
2017-05-09,1064
2017-05-10,957
2017-05-11,815
2017-05-12,762
2017-05-13,877
2017-05-14,814
2017-05-15,863
2017-05-16,826
2017-05-17,845
2017-05-18,806
2017-05-19,791
2017-05-20,836
2017-05-21,833
2017-05-22,886
2017-05-23,934
2017-05-24,974
2017-05-25,951
2017-05-26,846
2017-05-27,832
2017-05-28,1020
2017-05-29,992
2017-05-30,1010
2017-05-31,912
2017-06-01,904
2017-06-02,886
2017-06-03,779
2017-06-04,989
2017-06-05,1245
2017-06-06,1186
2017-06-07,1115
2017-06-08,965
2017-06-09,901
2017-06-10,952
2017-06-11,1047
2017-06-12,1244
2017-06-13,1136
2017-06-14,938
2017-06-15,1044
2017-06-16,903
2017-06-17,933
2017-06-18,1026
2017-06-19,1114
2017-06-20,1084
2017-06-21,1143
2017-06-22,1099
2017-06-23,1004
2017-06-24,1064
2017-06-25,1445
2017-06-26,1277
2017-06-27,1248
2017-06-28,1212
2017-06-29,1166
2017-06-30,1131
2017-07-01,1188
2017-07-02,1471
2017-07-03,1567
2017-07-04,1577
2017-07-05,1674
2017-07-06,1513
2017-07-07,1471
2017-07-08,1429
2017-07-09,1416
2017-07-10,1484
2017-07-11,1558
2017-07-12,1510
2017-07-13,1547
2017-07-14,1460
2017-07-15,1193
2017-07-16,1580
2017-07-17,1566
2017-07-18,1530
2017-07-19,1572
2017-07-20,1558
2017-07-21,1412
2017-07-22,1500
2017-07-23,1483
2017-07-24,1478
2017-07-25,1581
2017-07-26,1496
2017-07-27,1695
2017-07-28,1401
2017-07-29,1330
2017-07-30,1313
2017-07-31,1410
2017-08-01,1520
2017-08-02,1770
2017-08-03,1641
2017-08-04,1453
2017-08-05,1528
2017-08-06,1505
2017-08-07,1558
2017-08-08,1568
2017-08-09,1654
2017-08-10,1529
2017-08-11,1558
2017-08-12,1410
2017-08-13,1205
2017-08-14,1320
2017-08-15,1421
2017-08-16,1267
2017-08-17,1178
2017-08-18,1160
2017-08-19,1037
2017-08-20,1188
2017-08-21,1049
2017-08-22,1135
2017-08-23,1213
2017-08-24,1125
2017-08-25,992
2017-08-26,926
2017-08-27,990
2017-08-28,1019
2017-08-29,1054
2017-08-30,1008
2017-08-31,956
2017-09-01,910
2017-09-02,847
2017-09-03,1101
2017-09-04,1082
2017-09-05,998
2017-09-06,1078
2017-09-07,925
2017-09-08,852
2017-09-09,762
2017-09-10,1085
2017-09-11,969
2017-09-12,1015
2017-09-13,1128
2017-09-14,975
2017-09-15,922
2017-09-16,981
2017-09-17,1069
2017-09-18,1018
2017-09-19,930
2017-09-20,1020
2017-09-21,982
2017-09-22,907
2017-09-23,887
2017-09-24,970
2017-09-25,1279
2017-09-26,1155
2017-09-27,1124
2017-09-28,1089
2017-09-29,1068
2017-09-30,1003
2017-10-01,1258
2017-10-02,1375
2017-10-03,1361
2017-10-04,1215
2017-10-05,1377
2017-10-06,1116
2017-10-07,1219
2017-10-08,1544
2017-10-09,1388
2017-10-10,1401
2017-10-11,1475
2017-10-12,1325
2017-10-13,1095
2017-10-14,1092
2017-10-15,1386
2017-10-16,1439
2017-10-17,1414
2017-10-18,1427
2017-10-19,1349
2017-10-20,1480
2017-10-21,1363
2017-10-22,1636
2017-10-23,1636
2017-10-24,1669
2017-10-25,1607
2017-10-26,1583
2017-10-27,1462
2017-10-28,1354
2017-10-29,1733
2017-10-30,1750
2017-10-31,1514
2017-11-01,1590
2017-11-02,1728
2017-11-03,1653
2017-11-04,1741
2017-11-05,2037
2017-11-06,1855
2017-11-07,1770
2017-11-08,1771
2017-11-09,2027
2017-11-10,1658
2017-11-11,1748
2017-11-12,2106
2017-11-13,2066
2017-11-14,1984
2017-11-15,2133
2017-11-16,1621
2017-11-17,1649
2017-11-18,1614
2017-11-19,2130
2017-11-20,2157
2017-11-21,1997
2017-11-22,1908
2017-11-23,1686
2017-11-24,1626
2017-11-25,1523
2017-11-26,1947
2017-11-27,1921
2017-11-28,1791
2017-11-29,1880
2017-11-30,2042
2017-12-01,1783
2017-12-02,1641
2017-12-03,2307
2017-12-04,2407
2017-12-05,2210
2017-12-06,2113
2017-12-07,2135
2017-12-08,1802
2017-12-09,1912
2017-12-10,2201
2017-12-11,2339
2017-12-12,2228
2017-12-13,2042
2017-12-14,2249
2017-12-15,2103
2017-12-16,1953
2017-12-17,2176
2017-12-18,2317
2017-12-19,2176
2017-12-20,2291
2017-12-21,2238
2017-12-22,2106
2017-12-23,1838
2017-12-24,1879
2017-12-25,1837
2017-12-26,2462
2017-12-27,2584
2017-12-28,2693
2017-12-29,2490
2017-12-30,2331
2017-12-31,2135
2018-01-01,2080
2018-01-02,2714
2018-01-03,2579
2018-01-04,2930
2018-01-05,2986
2018-01-06,2540
2018-01-07,3119
2018-01-08,3043
2018-01-09,2726
2018-01-10,2762
2018-01-11,2893
2018-01-12,2523
2018-01-13,2627
2018-01-14,2941
2018-01-15,3188
2018-01-16,2781
2018-01-17,3139
2018-01-18,2809
2018-01-19,2869
2018-01-20,2520
2018-01-21,3057
2018-01-22,3019
2018-01-23,2778
2018-01-24,2860
2018-01-25,2879
2018-01-26,2528
2018-01-27,2495
2018-01-28,2841
2018-01-29,2816
2018-01-30,2684
2018-01-31,2814
2018-02-01,2823
2018-02-02,2602
2018-02-03,2726
2018-02-04,2922
2018-02-05,2826
2018-02-06,2891
2018-02-07,3046
2018-02-08,3122
2018-02-09,2677
2018-02-10,2793
2018-02-11,2931
2018-02-12,3338
2018-02-13,2964
2018-02-14,2899
2018-02-15,2861
2018-02-16,2786
2018-02-17,2608
2018-02-18,2894
2018-02-19,3158
2018-02-20,2813
2018-02-21,2771
2018-02-22,2734
2018-02-23,2527
2018-02-24,2399
2018-02-25,2676
2018-02-26,2762
2018-02-27,2757
2018-02-28,2596
2018-03-01,2663
2018-03-02,2387
2018-03-03,2535
2018-03-04,2961
2018-03-05,2981
2018-03-06,2552
2018-03-07,2698
2018-03-08,2628
2018-03-09,2604
2018-03-10,2356
2018-03-11,2630
2018-03-12,2873
2018-03-13,2390
2018-03-14,2554
2018-03-15,2541
2018-03-16,2179
2018-03-17,1860
2018-03-18,2800
2018-03-19,2380
2018-03-20,2448
2018-03-21,2242
2018-03-22,2225
2018-03-23,2208
2018-03-24,2037
2018-03-25,2334
2018-03-26,2379
2018-03-27,2308
2018-03-28,2352
2018-03-29,2169
2018-03-30,1934
2018-03-31,1885
2018-04-01,2230
2018-04-02,2533
2018-04-03,2276
2018-04-04,2076
2018-04-05,2105
2018-04-06,2151
2018-04-07,2081
2018-04-08,2155
2018-04-09,2119
2018-04-10,2019
2018-04-11,2089
2018-04-12,1795
2018-04-13,1580
2018-04-14,1812
2018-04-15,2074
2018-04-16,2000
2018-04-17,1943
2018-04-18,1917
2018-04-19,1875
2018-04-20,1843
2018-04-21,1609
2018-04-22,1657
2018-04-23,1979
2018-04-24,1838
2018-04-25,1659
2018-04-26,1592
2018-04-27,1671
2018-04-28,1777
2018-04-29,2064
2018-04-30,1978
2018-05-01,2086
2018-05-02,1800
2018-05-03,1888
2018-05-04,1611
2018-05-05,1510
2018-05-06,1727
2018-05-07,1807
2018-05-08,1807
2018-05-09,1753
2018-05-10,1746
2018-05-11,1551
2018-05-12,1358
2018-05-13,1575
2018-05-14,1814
2018-05-15,1577
2018-05-16,1498
2018-05-17,1663
2018-05-18,1613
2018-05-19,1358
2018-05-20,1412
2018-05-21,2001
2018-05-22,1730
2018-05-23,1781
2018-05-24,1550
2018-05-25,1542
2018-05-26,1463
2018-05-27,1601
2018-05-28,1727
2018-05-29,1710
2018-05-30,1649
2018-05-31,1782
2018-06-01,1548
2018-06-02,1632
2018-06-03,2080
2018-06-04,2100
2018-06-05,1812
2018-06-06,1920
2018-06-07,2011
2018-06-08,1787
2018-06-09,1779
2018-06-10,2305
2018-06-11,2234
2018-06-12,2188
2018-06-13,2102
2018-06-14,2026
2018-06-15,1829
2018-06-16,1727
2018-06-17,2050
2018-06-18,2071
2018-06-19,2119
2018-06-20,2037
2018-06-21,2147
2018-06-22,1756
2018-06-23,1888
2018-06-24,2456
2018-06-25,2368
2018-06-26,2170
2018-06-27,2213
2018-06-28,2256
2018-06-29,2222
2018-06-30,2106
2018-07-01,2400
2018-07-02,2671
2018-07-03,2652
2018-07-04,2471
2018-07-05,2813
2018-07-06,2390
2018-07-07,2278
2018-07-08,2702
2018-07-09,2927
2018-07-10,3074
2018-07-11,2783
2018-07-12,2516
2018-07-13,2602
2018-07-14,2524
2018-07-15,2990
2018-07-16,2962
2018-07-17,2895
2018-07-18,3270
2018-07-19,2827
2018-07-20,3042
2018-07-21,3276
2018-07-22,3438
2018-07-23,3360
2018-07-24,3201
2018-07-25,3191
2018-07-26,3076
2018-07-27,3001
2018-07-28,2789
2018-07-29,2886
2018-07-30,3055
2018-07-31,3022
2018-08-01,2965
2018-08-02,2908
2018-08-03,2856
2018-08-04,2743
2018-08-05,2926
2018-08-06,2996
2018-08-07,2868
2018-08-08,3059
2018-08-09,3125
2018-08-10,2972
2018-08-11,2764
2018-08-12,2831
2018-08-13,2588
2018-08-14,3090
2018-08-15,2571
2018-08-16,2645
2018-08-17,2424
2018-08-18,2133
2018-08-19,2481
2018-08-20,2351
2018-08-21,2461
2018-08-22,2424
2018-08-23,2171
2018-08-24,1963
2018-08-25,2037
2018-08-26,2196
2018-08-27,2336
2018-08-28,2173
2018-08-29,1952
2018-08-30,2005
2018-08-31,1694
2018-09-01,1640
2018-09-02,1957
2018-09-03,1982
2018-09-04,2051
2018-09-05,2029
2018-09-06,1961
2018-09-07,1924
2018-09-08,1816
2018-09-09,2086
2018-09-10,2014
2018-09-11,2010
2018-09-12,1975
2018-09-13,1781
2018-09-14,1747
2018-09-15,1732
2018-09-16,1994
2018-09-17,2042
2018-09-18,2021
2018-09-19,1787
2018-09-20,1933
2018-09-21,1884
2018-09-22,1740
2018-09-23,2027
2018-09-24,2025
2018-09-25,1935
2018-09-26,1779
2018-09-27,1709
2018-09-28,1659
2018-09-29,1477
2018-09-30,2207
2018-10-01,2162
2018-10-02,2249
2018-10-03,2281
2018-10-04,2122
2018-10-05,1901
2018-10-06,1869
2018-10-07,2596
2018-10-08,2508
2018-10-09,2572
2018-10-10,2358
2018-10-11,2468
2018-10-12,2273
2018-10-13,2296
2018-10-14,2892
2018-10-15,2467
2018-10-16,2715
2018-10-17,2620
2018-10-18,2693
2018-10-19,2380
2018-10-20,2246
2018-10-21,2548
2018-10-22,2935
2018-10-23,2749
2018-10-24,2590
2018-10-25,2501
2018-10-26,2281
2018-10-27,2418
2018-10-28,2756
2018-10-29,3078
2018-10-30,2915
2018-10-31,2918
2018-11-01,3035
2018-11-02,3147
2018-11-03,2748
2018-11-04,3466
2018-11-05,3814
2018-11-06,3360
2018-11-07,3470
2018-11-08,3499
2018-11-09,3225
2018-11-10,3119
2018-11-11,3718
2018-11-12,3800
2018-11-13,3676
2018-11-14,3337
2018-11-15,3361
2018-11-16,3131
2018-11-17,3310
2018-11-18,3809
2018-11-19,3964
2018-11-20,3951
2018-11-21,3820
2018-11-22,3279
2018-11-23,3529
2018-11-24,3120
2018-11-25,3845
2018-11-26,3798
2018-11-27,3465
2018-11-28,3866
2018-11-29,3197
2018-11-30,3420
2018-12-01,3337
2018-12-02,3846
2018-12-03,3847
2018-12-04,3687
2018-12-05,4012
2018-12-06,3358
2018-12-07,3289
2018-12-08,3240
2018-12-09,3739
2018-12-10,4322
2018-12-11,3731
2018-12-12,3567
2018-12-13,3625
2018-12-14,3092
2018-12-15,3233
2018-12-16,4033
2018-12-17,4173
2018-12-18,3771
2018-12-19,3451
2018-12-20,3346
2018-12-21,3464
2018-12-22,3230
2018-12-23,3381
2018-12-24,3215
2018-12-25,3011
2018-12-26,3475
2018-12-27,3609
2018-12-28,3815
2018-12-29,3762
2018-12-30,3996
2018-12-31,3912
2019-01-01,3637
2019-01-02,4032
2019-01-03,4471
2019-01-04,4231
2019-01-05,4355
2019-01-06,5322
2019-01-07,4743
2019-01-08,4672
2019-01-09,4440
2019-01-10,4535
2019-01-11,4136
2019-01-12,4000
2019-01-13,4810
2019-01-14,4645
2019-01-15,4455
2019-01-16,4223
2019-01-17,4408
2019-01-18,4128
2019-01-19,3772
2019-01-20,4389
2019-01-21,4648
2019-01-22,3998
2019-01-23,4055
2019-01-24,3793
2019-01-25,3938
2019-01-26,3717
2019-01-27,4280
2019-01-28,3899
2019-01-29,3922
2019-01-30,4156
2019-01-31,3948
2019-02-01,3851
2019-02-02,3791
2019-02-03,4348
2019-02-04,4298
2019-02-05,4082
2019-02-06,4329
2019-02-07,3972
2019-02-08,4127
2019-02-09,3877
2019-02-10,4756
2019-02-11,4472
2019-02-12,4339
2019-02-13,4226
2019-02-14,3847
2019-02-15,3909
2019-02-16,4087
2019-02-17,4573
2019-02-18,4356
2019-02-19,4262
2019-02-20,4082
2019-02-21,4308
2019-02-22,3759
2019-02-23,3664
2019-02-24,3881
2019-02-25,4040
2019-02-26,3983
2019-02-27,3750
2019-02-28,3898
2019-03-01,3511
2019-03-02,3492
2019-03-03,4328
2019-03-04,4482
2019-03-05,4212
2019-03-06,4057
2019-03-07,3994
2019-03-08,4087
2019-03-09,3664
2019-03-10,4461
2019-03-11,4403
2019-03-12,4325
2019-03-13,4311
2019-03-14,4191
2019-03-15,3891
2019-03-16,3675
2019-03-17,4497
2019-03-18,4212
2019-03-19,3859
2019-03-20,3802
2019-03-21,3837
2019-03-22,3461
2019-03-23,3273
2019-03-24,3548
2019-03-25,3737
2019-03-26,3546
2019-03-27,3635
2019-03-28,3258
2019-03-29,2953
2019-03-30,3064
2019-03-31,3316
2019-04-01,3684
2019-04-02,3520
2019-04-03,3644
2019-04-04,3533
2019-04-05,3455
2019-04-06,3236
2019-04-07,3775
2019-04-08,4113
2019-04-09,3505
2019-04-10,3544
2019-04-11,3101
2019-04-12,3141
2019-04-13,3219
2019-04-14,3819
2019-04-15,3707
2019-04-16,3384
2019-04-17,3289
2019-04-18,2899
2019-04-19,2943
2019-04-20,2871
2019-04-21,2961
2019-04-22,3238
2019-04-23,3074
2019-04-24,3095
2019-04-25,3191
2019-04-26,2699
2019-04-27,2706
2019-04-28,3114
2019-04-29,3255
2019-04-30,3056
2019-05-01,3278
2019-05-02,3343
2019-05-03,2790
2019-05-04,3167
2019-05-05,3260
2019-05-06,3117
2019-05-07,3146
2019-05-08,3135
2019-05-09,2962
2019-05-10,2922
2019-05-11,2623
2019-05-12,3079
2019-05-13,3095
2019-05-14,2833
2019-05-15,2772
2019-05-16,2849
2019-05-17,2893
2019-05-18,2592
2019-05-19,2867
2019-05-20,3063
2019-05-21,2619
2019-05-22,2715
2019-05-23,2511
2019-05-24,2324
2019-05-25,2467
2019-05-26,2655
2019-05-27,2807
2019-05-28,3031
2019-05-29,2806
2019-05-30,2966
2019-05-31,2673
2019-06-01,2359
2019-06-02,2697
2019-06-03,2653
2019-06-04,2893
2019-06-05,3049
2019-06-06,2992
2019-06-07,2273
2019-06-08,2744
2019-06-09,3357
2019-06-10,3875
2019-06-11,3224
2019-06-12,3214
2019-06-13,3240
2019-06-14,2926
2019-06-15,3047
2019-06-16,3271
2019-06-17,3366
2019-06-18,3453
2019-06-19,3390
2019-06-20,3084
2019-06-21,2946
2019-06-22,2506
2019-06-23,3247
2019-06-24,3412
2019-06-25,3633
2019-06-26,3155
2019-06-27,3114
2019-06-28,3016
2019-06-29,3090
2019-06-30,3700
2019-07-01,3778
2019-07-02,3578
2019-07-03,3739
2019-07-04,3873
2019-07-05,3524
2019-07-06,3580
2019-07-07,4407
2019-07-08,4625
2019-07-09,4373
2019-07-10,4542
2019-07-11,4524
2019-07-12,4123
2019-07-13,4135
2019-07-14,4957
2019-07-15,4981
2019-07-16,5086
2019-07-17,4447
2019-07-18,4589
2019-07-19,4410
2019-07-20,4310
2019-07-21,4538
2019-07-22,4491
2019-07-23,4603
2019-07-24,4698
2019-07-25,4406
2019-07-26,4001
2019-07-27,4085
2019-07-28,4471
2019-07-29,4475
2019-07-30,4491
2019-07-31,4370
2019-08-01,4609
2019-08-02,4480
2019-08-03,4169
2019-08-04,4866
2019-08-05,4836
2019-08-06,4434
2019-08-07,4816
2019-08-08,4523
2019-08-09,4432
2019-08-10,4001
2019-08-11,4376
2019-08-12,4452
2019-08-13,4536
2019-08-14,4044
2019-08-15,3638
2019-08-16,3759
2019-08-17,3643
2019-08-18,3587
2019-08-19,3721
2019-08-20,3723
2019-08-21,3475
2019-08-22,3282
2019-08-23,3025
2019-08-24,2956
2019-08-25,3125
2019-08-26,3144
2019-08-27,3008
2019-08-28,2700
2019-08-29,2820
2019-08-30,2685
2019-08-31,2411
2019-09-01,2810
2019-09-02,2885
2019-09-03,3167
2019-09-04,2978
2019-09-05,2924
2019-09-06,2665
2019-09-07,2644
2019-09-08,3187
2019-09-09,3104
2019-09-10,3156
2019-09-11,3119
2019-09-12,3069
2019-09-13,2827
2019-09-14,2658
2019-09-15,3216
2019-09-16,3177
2019-09-17,2991
2019-09-18,3010
2019-09-19,2691
2019-09-20,2514
2019-09-21,2495
2019-09-22,3131
2019-09-23,3391
2019-09-24,3140
2019-09-25,3086
2019-09-26,3039
2019-09-27,2776
2019-09-28,2665
2019-09-29,3415
2019-09-30,3422
2019-10-01,3493
2019-10-02,3510
2019-10-03,3586
2019-10-04,3297
2019-10-05,3198
2019-10-06,4403
2019-10-07,4013
2019-10-08,4041
2019-10-09,3783
2019-10-10,3960
2019-10-11,3529
2019-10-12,3367
2019-10-13,4051
2019-10-14,4108
2019-10-15,4218
2019-10-16,4391
2019-10-17,3831
2019-10-18,3680
2019-10-19,3649
2019-10-20,4340
2019-10-21,4758
2019-10-22,4151
2019-10-23,4212
2019-10-24,4087
2019-10-25,4104
2019-10-26,3651
2019-10-27,4581
2019-10-28,4585
2019-10-29,4295
2019-10-30,4382
2019-10-31,4015
2019-11-01,4155
2019-11-02,4454
2019-11-03,5312
2019-11-04,5545
2019-11-05,5275
2019-11-06,5146
2019-11-07,5339
2019-11-08,4981
2019-11-09,4935
2019-11-10,5490
2019-11-11,6134
2019-11-12,5829
2019-11-13,5605
2019-11-14,5407
2019-11-15,5202
2019-11-16,5259
2019-11-17,6276
2019-11-18,6099
2019-11-19,5783
2019-11-20,5641
2019-11-21,5342
2019-11-22,4942
2019-11-23,4829
2019-11-24,5656
2019-11-25,6048
2019-11-26,5365
2019-11-27,5308
2019-11-28,5101
2019-11-29,4862
2019-11-30,5084
2019-12-01,5958
2019-12-02,6617
2019-12-03,5808
2019-12-04,5905
2019-12-05,5840
2019-12-06,5049
2019-12-07,5323
2019-12-08,6189
2019-12-09,6422
2019-12-10,6122
2019-12-11,5915
2019-12-12,5996
2019-12-13,5338
2019-12-14,5550
2019-12-15,6405
2019-12-16,7118
2019-12-17,6427
2019-12-18,6606
2019-12-19,6064
2019-12-20,5558
2019-12-21,6017
2019-12-22,6490
2019-12-23,6431
2019-12-24,5582
2019-12-25,5248
2019-12-26,6227
2019-12-27,7033
2019-12-28,6769
2019-12-29,7124
2019-12-30,6377
2019-12-31,6157
2020-01-01,6260
2020-01-02,7324
2020-01-03,7589
2020-01-04,7557
2020-01-05,8378
2020-01-06,7918
2020-01-07,7503
2020-01-08,7204
2020-01-09,7271
2020-01-10,6624
2020-01-11,7193
2020-01-12,8185
2020-01-13,8190
2020-01-14,6883
2020-01-15,7067
2020-01-16,6962
2020-01-17,6338
2020-01-18,6681
2020-01-19,7523
2020-01-20,7836
2020-01-21,6973
2020-01-22,7059
2020-01-23,6770
2020-01-24,6213
2020-01-25,6236
2020-01-26,6654
2020-01-27,6958
2020-01-28,6298
2020-01-29,6091
2020-01-30,5669
2020-01-31,5482
2020-02-01,5437
2020-02-02,6256
2020-02-03,6415
2020-02-04,6032
2020-02-05,6054
2020-02-06,5672
2020-02-07,5782
2020-02-08,5644
2020-02-09,6311
2020-02-10,6619
2020-02-11,5774
2020-02-12,5848
2020-02-13,5611
2020-02-14,5022
2020-02-15,5120
2020-02-16,5859
2020-02-17,5641
2020-02-18,5448
2020-02-19,4854
2020-02-20,4809
2020-02-21,4729
2020-02-22,4699
2020-02-23,4938
2020-02-24,4903
2020-02-25,4486
2020-02-26,4393
2020-02-27,4026
2020-02-28,4016
2020-02-29,3637
2020-03-01,4322
2020-03-02,4326
2020-03-03,4102
2020-03-04,3842
2020-03-05,3800
2020-03-06,3719
2020-03-07,3296
2020-03-08,3494
2020-03-09,4060
2020-03-10,3561
2020-03-11,3367
2020-03-12,3233
2020-03-13,3424
2020-03-14,2529
2020-03-15,2504
2020-03-16,1984
2020-03-17,1867
2020-03-18,1716
2020-03-19,1361
2020-03-20,1043
2020-03-21,864
2020-03-22,664
2020-03-23,522
2020-03-24,561
2020-03-25,417
2020-03-26,244
2020-03-27,184
2020-03-28,163
2020-03-29,132
2020-03-30,94
2020-03-31,78
2020-04-01,58
2020-04-02,55
2020-04-03,73
2020-04-04,61
2020-04-05,49
2020-04-06,27
2020-04-07,41
2020-04-08,26
2020-04-09,24
2020-04-10,17
2020-04-11,22
2020-04-12,28
2020-04-13,14
2020-04-14,25
2020-04-15,21
2020-04-16,15
2020-04-17,11
2020-04-18,24
2020-04-19,30
2020-04-20,24
2020-04-21,18
2020-04-22,18
2020-04-23,52
2020-04-24,19
2020-04-25,20
2020-04-26,28
2020-04-27,32
2020-04-28,48
2020-04-29,67
2020-04-30,40
2020-05-01,55
2020-05-02,61
2020-05-03,18
2020-05-04,44
2020-05-05,52
2020-05-06,61
2020-05-07,42
2020-05-08,60
2020-05-09,51
2020-05-10,28
2020-05-11,43
2020-05-12,51
2020-05-13,54
2020-05-14,47
2020-05-15,32
2020-05-16,58
2020-05-17,68
2020-05-18,39
2020-05-19,42
2020-05-20,40
2020-05-21,69
2020-05-22,50
2020-05-23,56
2020-05-24,57
2020-05-25,54
2020-05-26,72
2020-05-27,92
2020-05-28,79
2020-05-29,86
2020-05-30,80
2020-05-31,95
2020-06-01,119
2020-06-02,105
2020-06-03,129
2020-06-04,125
2020-06-05,104
2020-06-06,134
2020-06-07,169
2020-06-08,144
2020-06-09,197
2020-06-10,178
2020-06-11,167
2020-06-12,113
2020-06-13,118
2020-06-14,136
2020-06-15,141
2020-06-16,143
2020-06-17,256
2020-06-18,158
2020-06-19,155
2020-06-20,123
2020-06-21,144
2020-06-22,199
2020-06-23,140
2020-06-24,135
2020-06-25,167
2020-06-26,206
2020-06-27,199
2020-06-28,217
2020-06-29,250
2020-06-30,316
2020-07-01,307
2020-07-02,315
2020-07-03,265
2020-07-04,227
2020-07-05,230
2020-07-06,247
2020-07-07,251
2020-07-08,213
2020-07-09,214
2020-07-10,229
2020-07-11,142
2020-07-12,308
2020-07-13,313
2020-07-14,259
2020-07-15,270
2020-07-16,218
2020-07-17,226
2020-07-18,244
2020-07-19,296
2020-07-20,428
2020-07-21,347
2020-07-22,338
2020-07-23,311
2020-07-24,283
2020-07-25,264
2020-07-26,251
2020-07-27,189
2020-07-28,276
2020-07-29,188
2020-07-30,194
2020-07-31,217
2020-08-01,182
2020-08-02,153
2020-08-03,155
2020-08-04,178
2020-08-05,165
2020-08-06,192
2020-08-07,117
2020-08-08,130
2020-08-09,150
2020-08-10,184
2020-08-11,185
2020-08-12,191
2020-08-13,193
2020-08-14,131
2020-08-15,178
2020-08-16,186
2020-08-17,182
2020-08-18,203
2020-08-19,218
2020-08-20,199
2020-08-21,166
2020-08-22,194
2020-08-23,183
2020-08-24,226
2020-08-25,233
2020-08-26,247
2020-08-27,263
2020-08-28,213
2020-08-29,222
2020-08-30,164
2020-08-31,262
2020-09-01,244
2020-09-02,271
2020-09-03,267
2020-09-04,182
2020-09-05,168
2020-09-06,161
2020-09-07,109
2020-09-08,154
2020-09-09,134
2020-09-10,136
2020-09-11,117
2020-09-12,152
2020-09-13,157
2020-09-14,128
2020-09-15,127
2020-09-16,114
2020-09-17,157
2020-09-18,115
2020-09-19,147
2020-09-20,148
2020-09-21,126
2020-09-22,140
2020-09-23,114
2020-09-24,133
2020-09-25,150
2020-09-26,148
2020-09-27,107
2020-09-28,143
2020-09-29,152
2020-09-30,231
2020-10-01,176
2020-10-02,166
2020-10-03,147
2020-10-04,255
2020-10-05,255
2020-10-06,237
2020-10-07,254
2020-10-08,202
2020-10-09,164
2020-10-10,220
2020-10-11,177
2020-10-12,171
2020-10-13,186
2020-10-14,194
2020-10-15,254
2020-10-16,214
2020-10-17,152
2020-10-18,131
2020-10-19,130
2020-10-20,273
2020-10-21,251
2020-10-22,281
2020-10-23,204
2020-10-24,184
2020-10-25,128
2020-10-26,169
2020-10-27,187
2020-10-28,257
2020-10-29,187
2020-10-30,174
2020-10-31,210
2020-11-01,257
2020-11-02,229
2020-11-03,275
2020-11-04,258
2020-11-05,266
2020-11-06,213
2020-11-07,244
2020-11-08,239
2020-11-09,342
2020-11-10,270
2020-11-11,263
2020-11-12,292
2020-11-13,277
2020-11-14,263
2020-11-15,274
2020-11-16,395
2020-11-17,309
2020-11-18,306
2020-11-19,369
2020-11-20,292
2020-11-21,339
2020-11-22,250
2020-11-23,309
2020-11-24,355
2020-11-25,292
2020-11-26,377
2020-11-27,406
2020-11-28,294
2020-11-29,310
2020-11-30,450
2020-12-01,443
2020-12-02,315
2020-12-03,355
2020-12-04,351
2020-12-05,335
2020-12-06,341
2020-12-07,479
2020-12-08,434
2020-12-09,376
2020-12-10,365
2020-12-11,298
2020-12-12,321
2020-12-13,359
2020-12-14,339
2020-12-15,384
2020-12-16,364
2020-12-17,368
2020-12-18,423
2020-12-19,352
2020-12-20,365
2020-12-21,293
2020-12-22,251
2020-12-23,243
2020-12-24,239
2020-12-25,281
2020-12-26,364
2020-12-27,277
2020-12-28,348
2020-12-29,332
2020-12-30,314
2020-12-31,172
2021-01-01,190
2021-01-02,183
2021-01-03,156
2021-01-04,113
2021-01-05,120
2021-01-06,104
2021-01-07,141
2021-01-08,94
2021-01-09,55
2021-01-10,57
2021-01-11,93
2021-01-12,36
2021-01-13,63
2021-01-14,80
2021-01-15,87
2021-01-16,48
2021-01-17,78
2021-01-18,50
2021-01-19,73
2021-01-20,63
2021-01-21,98
2021-01-22,46
2021-01-23,56
2021-01-24,41
2021-01-25,63
2021-01-26,69
2021-01-27,78
2021-01-28,85
2021-01-29,65
2021-01-30,63
2021-01-31,64
2021-02-01,98
2021-02-02,93
2021-02-03,113
2021-02-04,140
2021-02-05,99
2021-02-06,83
2021-02-07,68
2021-02-08,126
2021-02-09,122
2021-02-10,153
2021-02-11,168
2021-02-12,130
2021-02-13,113
2021-02-14,113
2021-02-15,159
2021-02-16,120
2021-02-17,171
2021-02-18,152
2021-02-19,114
2021-02-20,116
2021-02-21,144
2021-02-22,181
2021-02-23,173
2021-02-24,188
2021-02-25,95
2021-02-26,185
2021-02-27,140
2021-02-28,146
2021-03-01,145
2021-03-02,176
2021-03-03,199
2021-03-04,203
2021-03-05,179
2021-03-06,225
2021-03-07,260
2021-03-08,230
2021-03-09,214
2021-03-10,275
2021-03-11,359
2021-03-12,305
2021-03-13,316
2021-03-14,359
2021-03-15,358
2021-03-16,366
2021-03-17,258
2021-03-18,427
2021-03-19,323
2021-03-20,330
2021-03-21,337
2021-03-22,433
2021-03-23,285
2021-03-24,423
2021-03-25,331
2021-03-26,373
2021-03-27,378
2021-03-28,460
2021-03-29,513
2021-03-30,571
2021-03-31,613
2021-04-01,560
2021-04-02,757
2021-04-03,654
2021-04-04,731
2021-04-05,798
2021-04-06,712
2021-04-07,706
2021-04-08,520
2021-04-09,576
2021-04-10,440
2021-04-11,342
2021-04-12,373
2021-04-13,339
2021-04-14,241
2021-04-15,272
2021-04-16,226
2021-04-17,209
2021-04-18,153
2021-04-19,130
2021-04-20,96
2021-04-21,114
2021-04-22,107
2021-04-23,168
2021-04-24,86
2021-04-25,119
2021-04-26,100
2021-04-27,133
2021-04-28,107
2021-04-29,108
2021-04-30,92
2021-05-01,87
2021-05-02,158
2021-05-03,76
2021-05-04,91
2021-05-05,108
2021-05-06,57
2021-05-07,57
2021-05-08,65
2021-05-09,57
2021-05-10,77
2021-05-11,73
2021-05-12,77
2021-05-13,96
2021-05-14,72
2021-05-15,59
2021-05-16,97
2021-05-17,88
2021-05-18,92
2021-05-19,69
2021-05-20,66
2021-05-21,72
2021-05-22,54
2021-05-23,51
2021-05-24,66
2021-05-25,113
2021-05-26,66
2021-05-27,54
2021-05-28,91
2021-05-29,80
2021-05-30,114
2021-05-31,93
2021-06-01,108
2021-06-02,90
2021-06-03,81
2021-06-04,86
2021-06-05,147
2021-06-06,95
2021-06-07,63
2021-06-08,124
2021-06-09,77
2021-06-10,107
2021-06-11,90
2021-06-12,89
2021-06-13,94
2021-06-14,77
2021-06-15,111
2021-06-16,101
2021-06-17,84
2021-06-18,132
2021-06-19,76
2021-06-20,63
2021-06-21,92
2021-06-22,96
2021-06-23,102
2021-06-24,146
2021-06-25,107
2021-06-26,120
2021-06-27,84
2021-06-28,142
2021-06-29,90
2021-06-30,112
2021-07-01,142
2021-07-02,133
2021-07-03,122
2021-07-04,87
2021-07-05,108
2021-07-06,135
2021-07-07,111
2021-07-08,113
2021-07-09,146
2021-07-10,79
2021-07-11,91
2021-07-12,76
2021-07-13,128
2021-07-14,110
2021-07-15,79
2021-07-16,95
2021-07-17,106
2021-07-18,107
2021-07-19,169
2021-07-20,118
2021-07-21,97
2021-07-22,74
2021-07-23,85
2021-07-24,89
2021-07-25,76
2021-07-26,71
2021-07-27,78
2021-07-28,104
2021-07-29,115
2021-07-30,110
2021-07-31,105
2021-08-01,123
2021-08-02,92
2021-08-03,137
2021-08-04,110
2021-08-05,91
2021-08-06,84
2021-08-07,44
2021-08-08,69
2021-08-09,65
2021-08-10,68
2021-08-11,81
2021-08-12,148
2021-08-13,108
2021-08-14,115
2021-08-15,91
2021-08-16,143
2021-08-17,104
2021-08-18,131
2021-08-19,114
2021-08-20,106
2021-08-21,86
2021-08-22,97
2021-08-23,89
2021-08-24,74
2021-08-25,105
2021-08-26,131
2021-08-27,118
2021-08-28,84
2021-08-29,97
2021-08-30,88
2021-08-31,70
2021-09-01,91
2021-09-02,86
2021-09-03,100
2021-09-04,113
2021-09-05,97
2021-09-06,112
2021-09-07,87
2021-09-08,90
2021-09-09,147
2021-09-10,157
2021-09-11,115
2021-09-12,99
2021-09-13,112
2021-09-14,116
2021-09-15,137
2021-09-16,143
2021-09-17,147
2021-09-18,129
2021-09-19,112
2021-09-20,166
2021-09-21,159
2021-09-22,147
2021-09-23,158
2021-09-24,179
2021-09-25,81
2021-09-26,160
2021-09-27,153
2021-09-28,174
2021-09-29,143
2021-09-30,199
2021-10-01,184
2021-10-02,207
2021-10-03,159
2021-10-04,219
2021-10-05,194
2021-10-06,288
2021-10-07,196
2021-10-08,284
2021-10-09,245
2021-10-10,313
2021-10-11,298
2021-10-12,221
2021-10-13,264
2021-10-14,273
2021-10-15,260
2021-10-16,332
2021-10-17,262
2021-10-18,359
2021-10-19,301
2021-10-20,358
2021-10-21,317
2021-10-22,296
2021-10-23,398
2021-10-24,346
2021-10-25,407
2021-10-26,481
2021-10-27,379
2021-10-28,309
2021-10-29,394
2021-10-30,353
2021-10-31,351
2021-11-01,306
2021-11-02,396
2021-11-03,523
2021-11-04,485
2021-11-05,489
2021-11-06,463
2021-11-07,507
2021-11-08,618
2021-11-09,540
2021-11-10,564
2021-11-11,560
2021-11-12,503
2021-11-13,568
2021-11-14,548
2021-11-15,603
2021-11-16,674
2021-11-17,687
2021-11-18,748
2021-11-19,599
2021-11-20,715
2021-11-21,707
2021-11-22,816
2021-11-23,821
2021-11-24,802
2021-11-25,685
2021-11-26,743
2021-11-27,662
2021-11-28,649
2021-11-29,912
2021-11-30,895
2021-12-01,922
2021-12-02,898
2021-12-03,780
2021-12-04,708
2021-12-05,858
2021-12-06,1015
2021-12-07,1114
2021-12-08,1026
2021-12-09,1008
2021-12-10,976
2021-12-11,976
2021-12-12,1107
2021-12-13,1363
2021-12-14,1273
2021-12-15,1251
2021-12-16,1200
2021-12-17,1269
2021-12-18,1404
2021-12-19,1417
2021-12-20,1415
2021-12-21,1544
2021-12-22,1291
2021-12-23,1323
2021-12-24,1177
2021-12-25,1352
2021-12-26,1462
2021-12-27,1640
2021-12-28,1524
2021-12-29,1771
2021-12-30,1449
2021-12-31,1230
2022-01-01,1343
2022-01-02,1471
2022-01-03,1338
2022-01-04,1178
2022-01-05,1019
2022-01-06,1169
2022-01-07,1069
2022-01-08,883
2022-01-09,826
2022-01-10,946
2022-01-11,832
2022-01-12,894
2022-01-13,845
2022-01-14,787
2022-01-15,783
2022-01-16,841
2022-01-17,993
2022-01-18,864
2022-01-19,867
2022-01-20,850
2022-01-21,953
2022-01-22,795
2022-01-23,813
2022-01-24,789
2022-01-25,787
2022-01-26,810
2022-01-27,779
2022-01-28,830
2022-01-29,873
2022-01-30,843
2022-01-31,845
2022-02-01,898
2022-02-02,972
2022-02-03,1016
2022-02-04,845
2022-02-05,819
2022-02-06,1066
2022-02-07,1070
2022-02-08,993
2022-02-09,1088
2022-02-10,1000
2022-02-11,937
2022-02-12,1087
2022-02-13,1181
2022-02-14,1016
2022-02-15,1210
2022-02-16,1201
2022-02-17,1064
2022-02-18,1306
2022-02-19,1130
2022-02-20,1227
2022-02-21,1229
2022-02-22,1142
2022-02-23,1431
2022-02-24,1329
2022-02-25,1302
2022-02-26,1070
2022-02-27,1231
2022-02-28,1198
2022-03-01,1330
2022-03-02,1545
2022-03-03,1531
2022-03-04,1382
2022-03-05,1574
2022-03-06,1627
2022-03-07,1750
2022-03-08,1733
2022-03-09,1888
2022-03-10,1584
2022-03-11,1647
2022-03-12,1582
2022-03-13,1785
2022-03-14,1909
2022-03-15,1731
2022-03-16,1809
2022-03-17,1806
2022-03-18,1822
2022-03-19,1703
2022-03-20,1953
2022-03-21,2013
2022-03-22,1851
2022-03-23,1856
2022-03-24,1664
2022-03-25,1733
2022-03-26,1588
2022-03-27,1937
2022-03-28,2074
2022-03-29,1905
2022-03-30,1821
2022-03-31,1933
2022-04-01,1966
2022-04-02,1984
2022-04-03,2168
2022-04-04,2473
2022-04-05,2189
2022-04-06,2301
2022-04-07,2553
2022-04-08,2550
2022-04-09,2577
2022-04-10,2691
2022-04-11,3066
2022-04-12,2912
2022-04-13,2479
2022-04-14,2213
2022-04-15,2262
2022-04-16,2184
2022-04-17,2278
2022-04-18,2474
2022-04-19,2349
2022-04-20,2110
2022-04-21,2132
2022-04-22,2050
2022-04-23,2194
2022-04-24,2162
2022-04-25,2328
2022-04-26,2515
2022-04-27,2387
2022-04-28,2395
2022-04-29,2615
2022-04-30,2548
2022-05-01,2760
2022-05-02,2654
2022-05-03,2856
2022-05-04,2543
2022-05-05,2395
2022-05-06,2318
2022-05-07,2344
2022-05-08,2327
2022-05-09,2320
2022-05-10,2572
2022-05-11,2464
2022-05-12,2614
2022-05-13,2357
2022-05-14,2389
2022-05-15,2517
2022-05-16,2622
2022-05-17,2581
2022-05-18,2488
2022-05-19,2394
2022-05-20,2487
2022-05-21,2388
2022-05-22,2460
2022-05-23,2653
2022-05-24,2623
2022-05-25,2751
2022-05-26,2792
2022-05-27,2301
2022-05-28,2484
2022-05-29,2862
2022-05-30,2891
2022-05-31,2584
2022-06-01,2895
2022-06-02,3143
2022-06-03,2755
2022-06-04,2718
2022-06-05,2961
2022-06-06,3457
2022-06-07,3221
2022-06-08,3120
2022-06-09,3128
2022-06-10,2790
2022-06-11,2522
2022-06-12,2987
2022-06-13,3218
2022-06-14,2967
2022-06-15,3031
2022-06-16,3190
2022-06-17,2703
2022-06-18,3060
2022-06-19,3416
2022-06-20,3196
2022-06-21,3335
2022-06-22,3252
2022-06-23,3117
2022-06-24,3345
2022-06-25,2931
2022-06-26,3600
2022-06-27,3578
2022-06-28,3449
2022-06-29,3617
2022-06-30,3466
2022-07-01,3614
2022-07-02,3283
2022-07-03,3852
2022-07-04,4023
2022-07-05,4086
2022-07-06,4140
2022-07-07,4223
2022-07-08,3904
2022-07-09,3875
2022-07-10,4158
2022-07-11,4571
2022-07-12,4397
2022-07-13,4305
2022-07-14,3730
2022-07-15,3756
2022-07-16,3989
2022-07-17,4539
2022-07-18,4501
2022-07-19,4466
2022-07-20,4630
2022-07-21,4353
2022-07-22,4084
2022-07-23,4368
2022-07-24,4384
2022-07-25,4628
2022-07-26,4951
2022-07-27,4713
2022-07-28,4485
2022-07-29,4220
2022-07-30,4254
2022-07-31,4531
2022-08-01,4889
2022-08-02,5077
2022-08-03,4999
2022-08-04,5122
2022-08-05,4771
2022-08-06,4916
2022-08-07,5101
2022-08-08,5518
2022-08-09,5226
2022-08-10,5490
2022-08-11,4910
2022-08-12,4584
2022-08-13,4536
2022-08-14,5129
2022-08-15,5070
2022-08-16,5071
2022-08-17,4558
2022-08-18,4720
2022-08-19,4425
2022-08-20,4133
2022-08-21,4710
2022-08-22,4608
2022-08-23,4145
2022-08-24,4294
2022-08-25,4276
2022-08-26,3997
2022-08-27,3951
2022-08-28,4079
2022-08-29,4392
2022-08-30,4352
2022-08-31,4342
2022-09-01,4387
2022-09-02,3881
2022-09-03,3628
2022-09-04,4456
2022-09-05,4542
2022-09-06,4529
2022-09-07,4750
2022-09-08,4458
2022-09-09,4046
2022-09-10,4375
2022-09-11,4961
2022-09-12,4939
2022-09-13,4702
2022-09-14,4404
2022-09-15,4648
2022-09-16,4053
2022-09-17,4230
2022-09-18,4300
2022-09-19,4492
2022-09-20,4616
2022-09-21,4320
2022-09-22,4256
2022-09-23,4282
2022-09-24,4020
2022-09-25,4751
2022-09-26,4628
2022-09-27,4637
2022-09-28,4604
2022-09-29,4693
2022-09-30,4503
2022-10-01,4331
2022-10-02,5328
2022-10-03,5611
2022-10-04,5430
2022-10-05,5521
2022-10-06,5434
2022-10-07,5540
2022-10-08,5532
2022-10-09,5991
2022-10-10,5867
2022-10-11,6106
2022-10-12,6668
2022-10-13,6564
2022-10-14,5537
2022-10-15,5217
2022-10-16,6077
2022-10-17,6053
2022-10-18,6303
2022-10-19,6341
2022-10-20,6537
2022-10-21,6348
2022-10-22,5964
2022-10-23,6994
2022-10-24,6925
2022-10-25,6436
2022-10-26,6681
2022-10-27,6587
2022-10-28,6434
2022-10-29,6256
2022-10-30,7039
2022-10-31,7042
2022-11-01,7654
2022-11-02,7720
2022-11-03,7700
2022-11-04,7757
2022-11-05,7703
2022-11-06,8439
2022-11-07,8064
2022-11-08,8024
2022-11-09,9009
2022-11-10,8834
2022-11-11,8239
2022-11-12,8240
2022-11-13,8474
2022-11-14,8570
2022-11-15,8684
2022-11-16,8167
2022-11-17,8454
2022-11-18,8142
2022-11-19,8161
2022-11-20,8942
2022-11-21,8275
2022-11-22,8485
2022-11-23,8104
2022-11-24,8488
2022-11-25,8023
2022-11-26,7789
2022-11-27,8881
2022-11-28,9195
2022-11-29,9178
2022-11-30,9040
2022-12-01,9137
2022-12-02,8448
2022-12-03,8629
2022-12-04,9842
2022-12-05,9772
2022-12-06,9539
2022-12-07,9893
2022-12-08,9439
2022-12-09,9041
2022-12-10,8331
2022-12-11,9366
2022-12-12,9674
2022-12-13,9630
2022-12-14,9451
2022-12-15,9133
2022-12-16,8722
2022-12-17,9233
2022-12-18,10062
2022-12-19,10202
2022-12-20,10148
2022-12-21,9877
2022-12-22,9724
2022-12-23,9147
2022-12-24,8126
2022-12-25,8705
2022-12-26,10116
2022-12-27,10877
2022-12-28,11621
2022-12-29,11582
2022-12-30,10351
2022-12-31,9251
2023-01-01,11021
2023-01-02,12537
2023-01-03,12566
2023-01-04,12992
2023-01-05,11879
2023-01-06,11043
2023-01-07,10840
2023-01-08,11548
2023-01-09,11676
2023-01-10,11116
2023-01-11,10846
2023-01-12,11228
2023-01-13,10405
2023-01-14,10516
2023-01-15,12024
2023-01-16,12131
2023-01-17,11578
2023-01-18,11290
2023-01-19,11221
2023-01-20,11076
2023-01-21,9919
2023-01-22,11970
2023-01-23,11906
2023-01-24,11203
2023-01-25,11708
2023-01-26,11359
2023-01-27,10629
2023-01-28,11056
2023-01-29,11675
2023-01-30,12280
2023-01-31,12186
2023-02-01,11877
2023-02-02,12391
2023-02-03,12206
2023-02-04,12136
2023-02-05,13471
2023-02-06,14229
2023-02-07,13231
2023-02-08,12924
2023-02-09,12967
2023-02-10,12657
2023-02-11,12812
2023-02-12,13477
2023-02-13,13176
2023-02-14,12730
2023-02-15,13087
2023-02-16,13281
2023-02-17,13159
2023-02-18,12302
2023-02-19,13263
2023-02-20,13467
2023-02-21,13207
2023-02-22,12736
2023-02-23,12660
2023-02-24,11183
2023-02-25,12269
2023-02-26,13082
2023-02-27,12857
2023-02-28,12627
2023-03-01,12927
2023-03-02,12910
2023-03-03,13200
2023-03-04,12686
2023-03-05,13653
2023-03-06,14340
2023-03-07,13359
2023-03-08,13808
2023-03-09,13236
2023-03-10,12689
2023-03-11,12169
2023-03-12,12705
2023-03-13,12465
2023-03-14,12616
2023-03-15,12646
2023-03-16,12574
2023-03-17,12188
2023-03-18,12030
2023-03-19,13021
2023-03-20,13086
2023-03-21,11770
2023-03-22,12558
2023-03-23,12235
2023-03-24,12057
2023-03-25,11889
2023-03-26,13215
2023-03-27,12515
2023-03-28,11931
2023-03-29,12428
2023-03-30,12757
2023-03-31,12275
2023-04-01,12449
2023-04-02,13460
2023-04-03,13086
2023-04-04,13245
2023-04-05,12997
2023-04-06,13611
2023-04-07,13612
2023-04-08,12229
2023-04-09,12437
2023-04-10,13039
2023-04-11,12537
2023-04-12,12596
2023-04-13,11758
2023-04-14,11712
2023-04-15,11522
2023-04-16,12195
2023-04-17,12546
2023-04-18,11317
2023-04-19,11621
2023-04-20,11510
2023-04-21,10839
2023-04-22,10707
2023-04-23,11453
2023-04-24,11710
2023-04-25,11423
2023-04-26,11666
2023-04-27,11567
2023-04-28,11709
2023-04-29,11706
2023-04-30,11374
2023-05-01,12125
2023-05-02,11639
2023-05-03,11617
2023-05-04,11348
2023-05-05,11270
2023-05-06,11086
2023-05-07,11520
2023-05-08,11394
2023-05-09,11207
2023-05-10,11472
2023-05-11,11034
2023-05-12,10133
2023-05-13,10122
2023-05-14,10474
2023-05-15,10720
2023-05-16,9694
2023-05-17,10239
2023-05-18,10234
2023-05-19,9755
2023-05-20,9277
2023-05-21,10371
2023-05-22,9754
2023-05-23,9427
2023-05-24,9356
2023-05-25,9419
2023-05-26,9126
2023-05-27,8640
2023-05-28,9343
2023-05-29,9924
2023-05-30,9769
2023-05-31,10313
2023-06-01,10042
2023-06-02,9806
2023-06-03,9828
2023-06-04,9826
2023-06-05,10555
2023-06-06,9420
2023-06-07,9760
2023-06-08,9273
2023-06-09,8891
2023-06-10,9215
2023-06-11,9849
2023-06-12,10263
2023-06-13,9879
2023-06-14,9739
2023-06-15,10067
2023-06-16,8863
2023-06-17,8365
2023-06-18,9914
2023-06-19,9902
2023-06-20,9412
2023-06-21,9208
2023-06-22,9260
2023-06-23,8475
2023-06-24,8121
2023-06-25,10051
2023-06-26,9617
2023-06-27,9211
2023-06-28,9914
2023-06-29,9803
2023-06-30,9447
2023-07-01,9255
2023-07-02,10427
2023-07-03,11094
2023-07-04,10721
2023-07-05,10824
2023-07-06,11508
2023-07-07,10664
2023-07-08,10956
2023-07-09,12121
2023-07-10,11589
2023-07-11,11662
2023-07-12,11566
2023-07-13,11631
2023-07-14,11165
2023-07-15,11034
2023-07-16,12189
2023-07-17,12478
2023-07-18,11843
2023-07-19,12114
2023-07-20,11698
2023-07-21,11249
2023-07-22,11387
2023-07-23,12018
2023-07-24,12311
2023-07-25,12798
2023-07-26,12432
2023-07-27,12799
2023-07-28,12194
2023-07-29,11943
2023-07-30,12660
2023-07-31,12510
2023-08-01,12989
2023-08-02,12565
2023-08-03,12563
2023-08-04,12310
2023-08-05,12160
2023-08-06,13468
2023-08-07,13081
2023-08-08,12829
2023-08-09,12704
2023-08-10,13111
2023-08-11,12507
2023-08-12,11761
2023-08-13,13001
2023-08-14,12632
2023-08-15,12692
2023-08-16,12340
2023-08-17,12437
2023-08-18,11862
2023-08-19,10930
2023-08-20,11454
2023-08-21,11900
2023-08-22,11213
2023-08-23,10806
2023-08-24,10461
2023-08-25,10332
2023-08-26,9779
2023-08-27,10897
2023-08-28,11129
2023-08-29,10484
2023-08-30,10874
2023-08-31,10371
2023-09-01,10234
2023-09-02,9276
2023-09-03,10623
2023-09-04,10547
2023-09-05,10875
2023-09-06,10624
2023-09-07,10445
2023-09-08,10235
2023-09-09,9944
2023-09-10,11359
2023-09-11,11517
2023-09-12,11331
2023-09-13,10708
2023-09-14,11387
2023-09-15,11061
2023-09-16,10988
2023-09-17,11789
2023-09-18,11892
2023-09-19,11713
2023-09-20,11708
2023-09-21,11840
2023-09-22,10435
2023-09-23,10659
2023-09-24,11640
2023-09-25,11864
2023-09-26,11922
2023-09-27,11718
2023-09-28,11456
2023-09-29,10750
2023-09-30,11524
2023-10-01,12735
2023-10-02,12938
2023-10-03,13249
2023-10-04,12887
2023-10-05,12120
2023-10-06,12409
2023-10-07,12395
2023-10-08,13151
2023-10-09,13075
2023-10-10,13018
2023-10-11,13025
2023-10-12,12817
2023-10-13,12100
2023-10-14,11867
2023-10-15,13459
2023-10-16,13103
2023-10-17,13562
2023-10-18,13677
2023-10-19,13064
2023-10-20,12919
2023-10-21,12671
2023-10-22,14241
2023-10-23,13982
2023-10-24,13445
2023-10-25,13795
2023-10-26,13250
2023-10-27,13358
2023-10-28,13480
2023-10-29,14667
2023-10-30,14341
2023-10-31,14894
2023-11-01,15036
2023-11-02,15503
2023-11-03,14831
2023-11-04,15182
2023-11-05,17326
2023-11-06,16635
2023-11-07,17224
2023-11-08,16437
2023-11-09,16360
2023-11-10,16389
2023-11-11,16223
2023-11-12,18445
2023-11-13,17935
2023-11-14,17433
2023-11-15,17999
2023-11-16,18209
2023-11-17,16674
2023-11-18,16426
2023-11-19,18192
2023-11-20,18680
2023-11-21,18180
2023-11-22,18312
2023-11-23,18189
2023-11-24,17049
2023-11-25,17173
2023-11-26,17937
2023-11-27,18591
2023-11-28,19055
2023-11-29,17461
2023-11-30,16978
2023-12-01,16673
2023-12-02,16511
2023-12-03,18811
2023-12-04,18750
2023-12-05,17504
2023-12-06,17595
2023-12-07,17107
2023-12-08,16228
2023-12-09,16465
2023-12-10,18353
2023-12-11,18318
2023-12-12,16606
2023-12-13,17798
2023-12-14,17742
2023-12-15,16248
2023-12-16,16487
2023-12-17,18752
2023-12-18,19112
2023-12-19,17842
2023-12-20,18219
2023-12-21,17935
2023-12-22,17299
2023-12-23,16612
2023-12-24,15954
2023-12-25,17221
2023-12-26,20371
2023-12-27,20672
2023-12-28,21689
2023-12-29,21250
2023-12-30,18045
2023-12-31,17816
2024-01-01,21346
2024-01-02,22684
2024-01-03,22721
2024-01-04,21909
2024-01-05,21137
2024-01-06,21220
2024-01-07,22652
2024-01-08,21173
2024-01-09,21012
2024-01-10,21061
2024-01-11,21558
2024-01-12,20948
2024-01-13,20000
2024-01-14,23102
2024-01-15,23168
2024-01-16,23181
2024-01-17,23056
2024-01-18,22829
2024-01-19,22235
2024-01-20,21936
2024-01-21,24635
2024-01-22,23988
2024-01-23,24734
2024-01-24,24179
2024-01-25,24414
2024-01-26,24292
2024-01-27,23494
2024-01-28,24612
2024-01-29,25126
2024-01-30,24501
2024-01-31,24950
2024-02-01,24735
2024-02-02,25206
2024-02-03,25260
2024-02-04,28102
2024-02-05,27418
2024-02-06,27400
2024-02-07,27016
2024-02-08,26023
2024-02-09,24836
2024-02-10,25615
2024-02-11,28710
2024-02-12,27886
2024-02-13,26728
2024-02-14,25704
2024-02-15,27216
2024-02-16,25561
2024-02-17,25488
2024-02-18,27441
2024-02-19,27722
2024-02-20,26304
2024-02-21,26037
2024-02-22,26156
2024-02-23,25834
2024-02-24,25190
2024-02-25,26998
2024-02-26,26989
2024-02-27,26064
2024-02-28,25477
2024-02-29,25491
2024-03-01,24275
2024-03-02,24314
2024-03-03,26486
2024-03-04,26390
2024-03-05,26117
2024-03-06,26418
2024-03-07,25419
2024-03-08,25093
2024-03-09,25828
2024-03-10,25771
2024-03-11,25843
2024-03-12,24934
2024-03-13,24558
2024-03-14,24597
2024-03-15,23570
2024-03-16,23300
2024-03-17,24996
2024-03-18,25087
2024-03-19,23911
2024-03-20,23953
2024-03-21,24247
2024-03-22,23268
2024-03-23,22581
2024-03-24,24207
2024-03-25,25863
2024-03-26,23705
2024-03-27,23299
2024-03-28,23395
2024-03-29,23110
2024-03-30,20639
2024-03-31,21544
2024-04-01,23634
2024-04-02,22714
2024-04-03,22457
2024-04-04,22471
2024-04-05,21762
2024-04-06,22204
2024-04-07,22883
2024-04-08,22594
2024-04-09,21513
2024-04-10,22178
2024-04-11,21228
2024-04-12,19879
2024-04-13,19572
2024-04-14,21414
2024-04-15,21701
2024-04-16,21042
2024-04-17,20683
2024-04-18,20792
2024-04-19,19332
2024-04-20,18803
2024-04-21,20902
2024-04-22,20488
2024-04-23,19663
2024-04-24,20642
2024-04-25,19939
2024-04-26,19046
2024-04-27,19158
2024-04-28,20087
2024-04-29,20112
2024-04-30,19723
2024-05-01,20340
2024-05-02,19973
2024-05-03,18859
2024-05-04,18646
2024-05-05,19522
2024-05-06,19727
2024-05-07,18810
2024-05-08,17846
2024-05-09,17866
2024-05-10,16600
2024-05-11,16306
2024-05-12,17212
2024-05-13,17920
2024-05-14,17189
2024-05-15,17670
2024-05-16,17139
2024-05-17,16292
2024-05-18,15693
2024-05-19,16899
2024-05-20,17806
2024-05-21,16739
2024-05-22,16518
2024-05-23,16093
2024-05-24,15838
2024-05-25,15242
2024-05-26,16078
2024-05-27,15703
2024-05-28,15665
2024-05-29,15245
2024-05-30,15103
2024-05-31,14668
2024-06-01,14827
2024-06-02,16935
2024-06-03,16033
2024-06-04,15271
2024-06-05,16306
2024-06-06,15593
2024-06-07,15443
2024-06-08,15352
2024-06-09,17540
2024-06-10,16668
2024-06-11,15815
2024-06-12,15926
2024-06-13,15732
2024-06-14,15486
2024-06-15,15271
2024-06-16,16003
2024-06-17,16598
2024-06-18,16070
2024-06-19,16190
2024-06-20,16015
2024-06-21,15629
2024-06-22,15979
2024-06-23,16350
2024-06-24,15988
2024-06-25,15309
2024-06-26,15471
2024-06-27,14791
2024-06-28,14556
2024-06-29,14915
2024-06-30,17185
2024-07-01,16850
2024-07-02,17192
2024-07-03,17708
2024-07-04,16470
2024-07-05,13065
2024-07-06,15465
2024-07-07,18171
2024-07-08,17297
2024-07-09,17691
2024-07-10,17185
2024-07-11,17600
2024-07-12,17321
2024-07-13,17016
2024-07-14,18462
2024-07-15,17677
2024-07-16,18979
2024-07-17,16963
2024-07-18,17990
2024-07-19,15915
2024-07-20,16446
2024-07-21,16973
2024-07-22,17313
2024-07-23,17676
2024-07-24,16812
2024-07-25,17006
2024-07-26,16313
2024-07-27,15801
2024-07-28,17309
2024-07-29,16735
2024-07-30,16915
2024-07-31,16562
2024-08-01,16854
2024-08-02,16092
2024-08-03,15687
2024-08-04,17104
2024-08-05,16846
2024-08-06,17460
2024-08-07,17749
2024-08-08,17774
2024-08-09,17572
2024-08-10,16256
2024-08-11,17576
2024-08-12,18070
2024-08-13,17727
2024-08-14,17528
2024-08-15,17655
2024-08-16,18238
2024-08-17,19787
2024-08-18,20644
2024-08-19,19721
2024-08-20,19619
2024-08-21,18886
2024-08-22,17785
2024-08-23,17440
2024-08-24,17073
2024-08-25,18108
2024-08-26,16214
2024-08-27,16485
2024-08-28,16256
2024-08-29,15659
2024-08-30,15212
2024-08-31,14801
2024-09-01,16240
2024-09-02,16657
2024-09-03,16072
2024-09-04,16543
2024-09-05,16277
2024-09-06,15683
2024-09-07,15277
2024-09-08,18191
2024-09-09,17118
2024-09-10,16948
2024-09-11,17688
2024-09-12,17107
2024-09-13,16439
2024-09-14,16988
2024-09-15,17926
2024-09-16,17606
2024-09-17,17023
2024-09-18,17391
2024-09-19,17248
2024-09-20,15888
2024-09-21,15608
2024-09-22,17604
2024-09-23,17524
2024-09-24,16597
2024-09-25,16355
2024-09-26,16341
2024-09-27,15602
2024-09-28,15473
2024-09-29,18166
2024-09-30,17418
2024-10-01,17286
2024-10-02,17033
2024-10-03,18390
2024-10-04,17545
2024-10-05,17038
2024-10-06,19367
2024-10-07,19198
2024-10-08,18688
2024-10-09,18637
2024-10-10,18735
2024-10-11,17945
2024-10-12,18746
2024-10-13,20992
2024-10-14,20779
2024-10-15,20871
2024-10-16,21315
2024-10-17,20391
2024-10-18,19881
2024-10-19,20194
2024-10-20,21651
2024-10-21,22234
2024-10-22,20754
2024-10-23,21564
2024-10-24,20725
2024-10-25,19599
2024-10-26,20102
2024-10-27,21870
2024-10-28,22223
2024-10-29,21770
2024-10-30,20831
2024-10-31,20624
2024-11-01,20758
2024-11-02,21752
2024-11-03,24353
2024-11-04,25983
2024-11-05,25211
2024-11-06,24633
2024-11-07,24694
2024-11-08,26385
2024-11-09,25359
2024-11-10,29395
2024-11-11,29470
2024-11-12,28294
2024-11-13,28744
2024-11-14,28550
2024-11-15,27235
2024-11-16,29070
2024-11-17,31182
2024-11-18,29840
2024-11-19,29175
2024-11-20,29335
2024-11-21,28988
2024-11-22,27138
2024-11-23,27136
2024-11-24,30274
2024-11-25,30107
2024-11-26,28172
2024-11-27,27248
2024-11-28,27899
2024-11-29,26589
2024-11-30,26616
2024-12-01,29651
2024-12-02,30125
2024-12-03,30016
2024-12-04,29833
2024-12-05,28717
2024-12-06,27268
2024-12-07,28284
2024-12-08,30946
2024-12-09,30604
2024-12-10,28415
2024-12-11,26979
2024-12-12,28998
2024-12-13,28502
2024-12-14,27926
2024-12-15,30708
2024-12-16,31357
2024-12-17,28671
2024-12-18,28367
2024-12-19,28770
2024-12-20,27896
2024-12-21,28389
2024-12-22,31000
2024-12-23,29166
2024-12-24,26295
2024-12-25,27838
2024-12-26,33260
2024-12-27,33645
2024-12-28,35117
2024-12-29,34944
2024-12-30,32593
2024-12-31,29050
2025-01-01,36544
2025-01-02,40222
2025-01-03,38313
2025-01-04,38340
2025-01-05,40582
2025-01-06,39871
2025-01-07,37022
2025-01-08,37010
2025-01-09,37542
2025-01-10,35798
2025-01-11,35730
2025-01-12,40499
2025-01-13,38755
2025-01-14,37938
2025-01-15,38073
2025-01-16,38200
2025-01-17,36361
2025-01-18,35583
2025-01-19,39664
2025-01-20,40317
2025-01-21,39297
2025-01-22,39845
2025-01-23,38824
2025-01-24,37437
2025-01-25,37210
2025-01-26,40538
2025-01-27,39697
2025-01-28,37850
2025-01-29,38259
2025-01-30,37382
2025-01-31,36563
2025-02-01,37436
2025-02-02,39596
2025-02-03,40691
2025-02-04,39118
2025-02-05,38674
2025-02-06,39300
2025-02-07,37932
2025-02-08,38587
2025-02-09,41058
2025-02-10,41098
2025-02-11,39781
2025-02-12,39290
2025-02-13,38194
2025-02-14,36233
2025-02-15,38383
2025-02-16,39953
2025-02-17,39369
2025-02-18,37897
2025-02-19,37902
2025-02-20,36212
2025-02-21,35919
2025-02-22,36559
2025-02-23,38608
2025-02-24,38156
2025-02-25,35933
2025-02-26,34546
2025-02-27,34398
2025-02-28,33215
2025-03-01,34193
2025-03-02,36967
2025-03-03,36806
2025-03-04,35938
2025-03-05,35310
2025-03-06,36845
2025-03-07,35625
2025-03-08,35672
2025-03-09,38139
2025-03-10,38423
2025-03-11,37267
2025-03-12,36038
2025-03-13,36355
2025-03-14,35573
2025-03-15,34724
2025-03-16,36549
2025-03-17,35380
2025-03-18,34963
2025-03-19,33709
2025-03-20,32319
2025-03-21,30986
2025-03-22,30655
2025-03-23,32693
2025-03-24,32242
2025-03-25,31113
2025-03-26,30973
2025-03-27,30474
2025-03-28,27663
2025-03-29,29491
2025-03-30,31671
2025-03-31,31795
2025-04-01,30389
2025-04-02,31200
2025-04-03,29944
2025-04-04,28888
2025-04-05,28805
2025-04-06,31803
2025-04-07,31610
2025-04-08,30101
2025-04-09,30801
2025-04-10,30551
2025-04-11,29460
2025-04-12,28120
2025-04-13,30879
2025-04-14,31767
2025-04-15,22203
